local code,text,table_name,parent_varname,local code system,code,display,code system,comment
FAMMEMB,Family Member,subject,subject,FamilyRelationship,FAMMEMB,family member,http://terminology.hl7.org/CodeSystem/v3-RoleCode,
Male,Male,participant,Sex,Sex,male,Male,http://hl7.org/fhir/administrative-gender,
Female,Female,participant,Sex,Sex,female,Female,http://hl7.org/fhir/administrative-gender,
White,White,participant,ancestry,Race,2028-9,White,urn:oid:2.16.840.1.113883.6.238,https://docs.google.com/spreadsheets/d/1cHSburUDg6CR4az5FZR82FI992h7cyv-22pLVTFLZvE/edit#gid=1746314807
American Indian or Alaska Native,American Indian or Alaska Native,participant,ancestry,Race,1002-5,American Indian or Alaska Native,urn:oid:2.16.840.1.113883.6.238,https://docs.google.com/spreadsheets/d/1cHSburUDg6CR4az5FZR82FI992h7cyv-22pLVTFLZvE/edit#gid=1746314807
Asian,Asian,participant,ancestry,Race,2028-9,Asian,urn:oid:2.16.840.1.113883.6.238,https://docs.google.com/spreadsheets/d/1cHSburUDg6CR4az5FZR82FI992h7cyv-22pLVTFLZvE/edit#gid=1746314807
Black or African-American,Black or African-American,participant,ancestry,Race,2054-5,Black or African American,urn:oid:2.16.840.1.113883.6.238,https://docs.google.com/spreadsheets/d/1cHSburUDg6CR4az5FZR82FI992h7cyv-22pLVTFLZvE/edit#gid=1746314807
More than one race,More than one race,participant,ancestry,Race,UNK,Unknown,http://terminology.hl7.org/CodeSystem/v3-NullFlavor,
NA,NA,participant,ancestry,Race,UNK,Unknown,http://terminology.hl7.org/CodeSystem/v3-NullFlavor,https://docs.google.com/spreadsheets/d/1cHSburUDg6CR4az5FZR82FI992h7cyv-22pLVTFLZvE/edit#gid=1746314807
Native Hawaiian or Other Pacific Islander,Native Hawaiian or Other Pacific Islander,participant,ancestry,Race,2076-8,Native Hawaiian or Other Pacific Islander,urn:oid:2.16.840.1.113883.6.238,https://docs.google.com/spreadsheets/d/1cHSburUDg6CR4az5FZR82FI992h7cyv-22pLVTFLZvE/edit#gid=1746314807
Other,Other,participant,ancestry,Race,UNK,Unknown,http://terminology.hl7.org/CodeSystem/v3-NullFlavor,https://docs.google.com/spreadsheets/d/1cHSburUDg6CR4az5FZR82FI992h7cyv-22pLVTFLZvE/edit#gid=1746314807
Other,Other,participant,ancestry,Race,other,Other,http://hl7.org/fhir/administrative-gender,
Prefer not to answer,Prefer not to answer,participant,ancestry,Race,ASKU,asked but unknown,http://terminology.hl7.org/CodeSystem/v3-NullFlavor,https://docs.google.com/spreadsheets/d/1cHSburUDg6CR4az5FZR82FI992h7cyv-22pLVTFLZvE/edit#gid=1746314807
Hispanic or Latino,Hispanic or Latino,participant,ancestry,Ethnicity,2135-2,Hispanic or Latino,urn:oid:2.16.840.1.113883.6.238,
NA,NA,participant,Ethnicity,Ethnicity,UNK,Unknown,http://terminology.hl7.org/CodeSystem/v3-NullFlavor,https://docs.google.com/spreadsheets/d/1cHSburUDg6CR4az5FZR82FI992h7cyv-22pLVTFLZvE/edit#gid=1746314807
Not Hispanic or Latino,Not Hispanic or Latino,participant,Ethnicity,Ethnicity,2186-5,Not Hispanic or Latino,urn:oid:2.16.840.1.113883.6.238,
Prefer not to answer,Prefer not to answer,participant,Ethnicity,Ethnicity,ASKU,asked but unknown,http://terminology.hl7.org/CodeSystem/v3-NullFlavor,https://docs.google.com/spreadsheets/d/1cHSburUDg6CR4az5FZR82FI992h7cyv-22pLVTFLZvE/edit#gid=1746314807
Affected,Affected,conditions,Affected_Status,AffectedStatus,confirmed,Confirmed,http://terminology.hl7.org/CodeSystem/condition-ver-status
True,True,conditions,ConditionPresent,ConditionPresent,confirmed,Confirmed,http://terminology.hl7.org/CodeSystem/condition-ver-status
False,False,conditions,ConditionPresent,ConditionPresent,refuted,Refuted,http://terminology.hl7.org/CodeSystem/condition-ver-status
Maybe,Maybe,conditions,ConditionPresent,ConditionPresent,provisional,Provisional,http://terminology.hl7.org/CodeSystem/condition-ver-status
Affected,Affected,sample,tissue_affected_status,tissue_affected_status,POS,Positive,http://terminology.hl7.org/CodeSystem/v3-ObservationInterpretation,
Unaffected,Unaffected,sample,tissue_affected_status,tissue_affected_status,NEG,Negative,http://terminology.hl7.org/CodeSystem/v3-ObservationInterpretation,
Mother,Mother,subject,maternal_id,FamilyRelationship,MTH,mother,http://terminology.hl7.org/CodeSystem/v3-RoleCode,
Father,Father,subject,paternal_id,FamilyRelationship,FTH,father,http://terminology.hl7.org/CodeSystem/v3-RoleCode
Child,Child,subject,subject,FamilyRelationship,NCHILD,natural child,http://terminology.hl7.org/CodeSystem/v3-RoleCode
Male,Male,subject,subject,FamilyRelationship,SON,natural son,http://terminology.hl7.org/CodeSystem/v3-RoleCode
Female,Female,subject,subject,FamilyRelationship,DAU,natural daughter,http://terminology.hl7.org/CodeSystem/v3-RoleCode
Unknown,Unknown,subject,subject,FamilyRelationship,NCHILD,natural child,http://terminology.hl7.org/CodeSystem/v3-RoleCode
Intersex,Intersex,subject,subject,FamilyRelationship,NCHILD,natural child,http://terminology.hl7.org/CodeSystem/v3-RoleCode
Twin,Twin,subject,subject,FamilyRelationship,TWIN,twin,http://terminology.hl7.org/CodeSystem/v3-RoleCode
TwinBrother,Twin Brother,subject,subject,FamilyRelationship,TWINBRO,twin brother,http://terminology.hl7.org/CodeSystem/v3-RoleCode
TwinSister,Twin Sister,subject,subject,FamilyRelationship,TWINSIS,twin sister,http://terminology.hl7.org/CodeSystem/v3-RoleCode
bam,BAM File,sequencing,seq_filename,DataType,Aligned-Reads,Aligned Reads,https://nih-ncpi.github.io/ncpi-fhir-ig/data_types,
gvcf,gvcf,sequencing,seq_filename,DataType,gVCF,gVCF,https://nih-ncpi.github.io/ncpi-fhir-ig/data_types,
Controlled,Controlled,sequencing,access_type,access_type,controlled,Controlled,https://includedcc.org/fhir/code-systems/data_access_types,https://docs.google.com/spreadsheets/d/1_qbnn1VVlQS0tGprkiJbOhHZFixvs2qAVj5Rrdi2EaU/edit#gid=857513026
Registered,Registered,sequencing,access_type,access_type,registered,Registered,https://includedcc.org/fhir/code-systems/data_access_types,https://docs.google.com/spreadsheets/d/1_qbnn1VVlQS0tGprkiJbOhHZFixvs2qAVj5Rrdi2EaU/edit#gid=857513026
WHOLE_GENOME,Whole Genome Sequencing,sequencing,exome_capture_platform,DataCategory,Genomics,Genomics,https://nih-ncpi.github.io/ncpi-fhir-ig/data_categories,
WGS,Whole Genome Sequencing,sequencing,sequencing_assay,ExperimentStrategy,WGS,Whole Genome,https://nih-ncpi.github.io/ncpi-fhir-ig/experimental_strategies,
DNA,DNA,sequencing,analyte_type,SampleType,OBI:0001051,DNA extract,http://purl.obolibrary.org/obo/obi.owl,
OMIM:615369,"EPILEPTIC ENCEPHALOPATHY, CHILDHOOD-ONSET; EEOC",subject,disease_id,disease_id,OMIM:615369,"EPILEPTIC ENCEPHALOPATHY, CHILDHOOD-ONSET; EEOC",https://omim.org/,
OMIM:256850,"GIANT AXONAL NEUROPATHY 1, AUTOSOMAL RECESSIVE; GAN1",subject,disease_id,disease_id,OMIM:256850,"GIANT AXONAL NEUROPATHY 1, AUTOSOMAL RECESSIVE; GAN1",https://omim.org/,
OMIM:300894,NEURODEGENERATION WITH BRAIN IRON ACCUMULATION 5; NBIA5,subject,disease_id,disease_id,OMIM:300894,NEURODEGENERATION WITH BRAIN IRON ACCUMULATION 5; NBIA5,https://omim.org/,
OMIM:606157,PANTOTHENATE KINASE 2; PANK2,subject,disease_id,disease_id,OMIM:606157,PANTOTHENATE KINASE 2; PANK2,https://omim.org/,
OMIM:610217,NEURODEGENERATION WITH BRAIN IRON ACCUMULATION 2B; NBIA2B,subject,disease_id,disease_id,OMIM:610217,NEURODEGENERATION WITH BRAIN IRON ACCUMULATION 2B; NBIA2B,https://omim.org/,
OMIM:612280,"FUCOSIDASE, ALPHA-L, 1; FUCA1",subject,disease_id,disease_id,OMIM:612280,"FUCOSIDASE, ALPHA-L, 1; FUCA1",https://omim.org/,
OMIM:134200,"FACIAL PALSY, FAMILIAL RECURRENT PERIPHERAL",subject,disease_id,disease_id,OMIM:134200,"FACIAL PALSY, FAMILIAL RECURRENT PERIPHERAL",https://omim.org/,
OMIM:142340,"DIAPHRAGMATIC HERNIA, CONGENITAL",subject,disease_id,disease_id,OMIM:142340,"DIAPHRAGMATIC HERNIA, CONGENITAL",https://omim.org/,
OMIM:271510,"SPONDYLOEPIMETAPHYSEAL DYSPLASIA, SPONASTRIME TYPE; SEMDSP",subject,disease_id,disease_id,OMIM:271510,"SPONDYLOEPIMETAPHYSEAL DYSPLASIA, SPONASTRIME TYPE; SEMDSP",https://omim.org/,
OMIM:600776,FRYNS MICROPHTHALMIA SYNDROME,subject,disease_id,disease_id,OMIM:600776,FRYNS MICROPHTHALMIA SYNDROME,https://omim.org/,
OMIM:108120,"ARTHROGRYPOSIS, DISTAL, TYPE 1A; DA1A",subject,disease_id,disease_id,OMIM:108120,"ARTHROGRYPOSIS, DISTAL, TYPE 1A; DA1A",https://omim.org/,
OMIM:114300,"ARTHROGRYPOSIS, DISTAL, TYPE 3; DA3",subject,disease_id,disease_id,OMIM:114300,"ARTHROGRYPOSIS, DISTAL, TYPE 3; DA3",https://omim.org/,
OMIM:115200,"CARDIOMYOPATHY, DILATED, 1A; CMD1A",subject,disease_id,disease_id,OMIM:115200,"CARDIOMYOPATHY, DILATED, 1A; CMD1A",https://omim.org/,
OMIM:119530,OROFACIAL CLEFT 1; OFC1,subject,disease_id,disease_id,OMIM:119530,OROFACIAL CLEFT 1; OFC1,https://omim.org/,
OMIM:143465,ATTENTION DEFICIT-HYPERACTIVITY DISORDER; ADHD,subject,disease_id,disease_id,OMIM:143465,ATTENTION DEFICIT-HYPERACTIVITY DISORDER; ADHD,https://omim.org/,
OMIM:147920,KABUKI SYNDROME 1; KABUK1,subject,disease_id,disease_id,OMIM:147920,KABUKI SYNDROME 1; KABUK1,https://omim.org/,
OMIM:154400,"ACROFACIAL DYSOSTOSIS 1, NAGER TYPE; AFD1",subject,disease_id,disease_id,OMIM:154400,"ACROFACIAL DYSOSTOSIS 1, NAGER TYPE; AFD1",https://omim.org/,
OMIM:178110,"CONTRACTURES, PTERYGIA, AND SPONDYLOCARPOTARSAL FUSION SYNDROME 1A; CPSFS1A",subject,disease_id,disease_id,OMIM:178110,"CONTRACTURES, PTERYGIA, AND SPONDYLOCARPOTARSAL FUSION SYNDROME 1A; CPSFS1A",https://omim.org/,
OMIM:178500,"PULMONARY FIBROSIS, IDIOPATHIC; IPF",subject,disease_id,disease_id,OMIM:178500,"PULMONARY FIBROSIS, IDIOPATHIC; IPF",https://omim.org/,
OMIM:191480,UNCOMBABLE HAIR SYNDROME 1; UHS1,subject,disease_id,disease_id,OMIM:191480,UNCOMBABLE HAIR SYNDROME 1; UHS1,https://omim.org/,
OMIM:209850,AUTISM,subject,disease_id,disease_id,OMIM:209850,AUTISM,https://omim.org/,
OMIM:212065,"CONGENITAL DISORDER OF GLYCOSYLATION, TYPE Ia; CDG1A",subject,disease_id,disease_id,OMIM:212065,"CONGENITAL DISORDER OF GLYCOSYLATION, TYPE Ia; CDG1A",https://omim.org/,
OMIM:217980,"CORPUS CALLOSUM, AGENESIS OF, WITH FACIAL ANOMALIES AND ROBIN SEQUENCE",subject,disease_id,disease_id,OMIM:217980,"CORPUS CALLOSUM, AGENESIS OF, WITH FACIAL ANOMALIES AND ROBIN SEQUENCE",https://omim.org/,
OMIM:231300,"GLAUCOMA 3, PRIMARY CONGENITAL, A; GLC3A",subject,disease_id,disease_id,OMIM:231300,"GLAUCOMA 3, PRIMARY CONGENITAL, A; GLC3A",https://omim.org/,
OMIM:236000,"LYMPHOMA, HODGKIN, CLASSIC; CHL",subject,disease_id,disease_id,OMIM:236000,"LYMPHOMA, HODGKIN, CLASSIC; CHL",https://omim.org/,
OMIM:248700,MARDEN-WALKER SYNDROME; MWKS,subject,disease_id,disease_id,OMIM:248700,MARDEN-WALKER SYNDROME; MWKS,https://omim.org/,
OMIM:252350,MOYAMOYA DISEASE 1; MYMY1,subject,disease_id,disease_id,OMIM:252350,MOYAMOYA DISEASE 1; MYMY1,https://omim.org/,
OMIM:254300,"MYASTHENIC SYNDROME, CONGENITAL, 10; CMS10",subject,disease_id,disease_id,OMIM:254300,"MYASTHENIC SYNDROME, CONGENITAL, 10; CMS10",https://omim.org/,
OMIM:255800,"SCHWARTZ-JAMPEL SYNDROME, TYPE 1; SJS1",subject,disease_id,disease_id,OMIM:255800,"SCHWARTZ-JAMPEL SYNDROME, TYPE 1; SJS1",https://omim.org/,
OMIM:256700,"NEUROBLASTOMA, SUSCEPTIBILITY TO, 1; NBLST1",subject,disease_id,disease_id,OMIM:256700,"NEUROBLASTOMA, SUSCEPTIBILITY TO, 1; NBLST1",https://omim.org/,
OMIM:265000,"MULTIPLE PTERYGIUM SYNDROME, ESCOBAR VARIANT; EVMPS",subject,disease_id,disease_id,OMIM:265000,"MULTIPLE PTERYGIUM SYNDROME, ESCOBAR VARIANT; EVMPS",https://omim.org/,
OMIM:266265,"CONGENITAL DISORDER OF GLYCOSYLATION, TYPE IIc; CDG2C",subject,disease_id,disease_id,OMIM:266265,"CONGENITAL DISORDER OF GLYCOSYLATION, TYPE IIc; CDG2C",https://omim.org/,
OMIM:273300,TESTICULAR GERM CELL TUMOR; TGCT,subject,disease_id,disease_id,OMIM:273300,TESTICULAR GERM CELL TUMOR; TGCT,https://omim.org/,
OMIM:300881,MOVED TO 615777,subject,disease_id,disease_id,OMIM:300881,MOVED TO 615777,https://omim.org/,
OMIM:308350,DEVELOPMENTAL AND EPILEPTIC ENCEPHALOPATHY 1; DEE1,subject,disease_id,disease_id,OMIM:308350,DEVELOPMENTAL AND EPILEPTIC ENCEPHALOPATHY 1; DEE1,https://omim.org/,
OMIM:313850,THORACOABDOMINAL SYNDROME; THAS,subject,disease_id,disease_id,OMIM:313850,THORACOABDOMINAL SYNDROME; THAS,https://omim.org/,
OMIM:600618,ETS VARIANT GENE 6; ETV6,subject,disease_id,disease_id,OMIM:600618,ETS VARIANT GENE 6; ETV6,https://omim.org/,
OMIM:601088,AYME-GRIPP SYNDROME; AYGRP,subject,disease_id,disease_id,OMIM:601088,AYME-GRIPP SYNDROME; AYGRP,https://omim.org/,
OMIM:601680,"ARTHROGRYPOSIS, DISTAL, TYPE 2B1; DA2B1",subject,disease_id,disease_id,OMIM:601680,"ARTHROGRYPOSIS, DISTAL, TYPE 2B1; DA2B1",https://omim.org/,
OMIM:602579,"CONGENITAL DISORDER OF GLYCOSYLATION, TYPE Ib; CDG1B",subject,disease_id,disease_id,OMIM:602579,"CONGENITAL DISORDER OF GLYCOSYLATION, TYPE Ib; CDG1B",https://omim.org/,
OMIM:604592,T CELL IMMUNE REGULATOR 1; TCIRG1,subject,disease_id,disease_id,OMIM:604592,T CELL IMMUNE REGULATOR 1; TCIRG1,https://omim.org/,
OMIM:608540,"CONGENITAL DISORDER OF GLYCOSYLATION, TYPE Ik; CDG1K",subject,disease_id,disease_id,OMIM:608540,"CONGENITAL DISORDER OF GLYCOSYLATION, TYPE Ik; CDG1K",https://omim.org/,
OMIM:608600,"LIPODYSTROPHY, FAMILIAL PARTIAL, TYPE 1; FPLD1",subject,disease_id,disease_id,OMIM:608600,"LIPODYSTROPHY, FAMILIAL PARTIAL, TYPE 1; FPLD1",https://omim.org/,
OMIM:613065,"LEUKEMIA, ACUTE LYMPHOBLASTIC; ALL",subject,disease_id,disease_id,OMIM:613065,"LEUKEMIA, ACUTE LYMPHOBLASTIC; ALL",https://omim.org/,
OMIM:614034,HEME OXYGENASE 1 DEFICIENCY; HMOX1D,subject,disease_id,disease_id,OMIM:614034,HEME OXYGENASE 1 DEFICIENCY; HMOX1D,https://omim.org/,
OMIM:615065,"ARTHROGRYPOSIS, DISTAL, TYPE 5D; DA5D",subject,disease_id,disease_id,OMIM:615065,"ARTHROGRYPOSIS, DISTAL, TYPE 5D; DA5D",https://omim.org/,
OMIM:616266,"CONGENITAL CONTRACTURES OF THE LIMBS AND FACE, HYPOTONIA, AND DEVELOPMENTAL DELAY; CLIFAHDD",subject,disease_id,disease_id,OMIM:616266,"CONGENITAL CONTRACTURES OF THE LIMBS AND FACE, HYPOTONIA, AND DEVELOPMENTAL DELAY; CLIFAHDD",https://omim.org/,
OMIM:616421,MYOCLONIC-ATONIC EPILEPSY; MAE,subject,disease_id,disease_id,OMIM:616421,MYOCLONIC-ATONIC EPILEPSY; MAE,https://omim.org/,
HP:0001627,Abnormal heart morphology,condition,hpo_present,subject,HP:0001627,Abnormal heart morphology,http://purl.obolibrary.org/obo/hp.owl,
HP:0000707,Abnormality of the nervous system,subject,hpo_present,subject,HP:0000707,Abnormality of the nervous system,http://purl.obolibrary.org/obo/hp.owl,
HP:0012638,Abnormal nervous system physiology,subject,hpo_present,subject,HP:0012638,Abnormal nervous system physiology,http://purl.obolibrary.org/obo/hp.owl,
HP:0200134,Epileptic encephalopathy,subject,hpo_present,subject,HP:0200134,Epileptic encephalopathy,http://purl.obolibrary.org/obo/hp.owl,
HP:0000657,Oculomotor apraxia,subject,hpo_present,subject,HP:0000657,Oculomotor apraxia,http://purl.obolibrary.org/obo/hp.owl,
HP:0001272,Cerebellar atrophy,subject,hpo_present,subject,HP:0001272,Cerebellar atrophy,http://purl.obolibrary.org/obo/hp.owl,
HP:0001305,Dandy-Walker malformation,subject,hpo_present,subject,HP:0001305,Dandy-Walker malformation,http://purl.obolibrary.org/obo/hp.owl,
HP:0001320,Cerebellar vermis hypoplasia,subject,hpo_present,subject,HP:0001320,Cerebellar vermis hypoplasia,http://purl.obolibrary.org/obo/hp.owl,
HP:0001321,Cerebellar hypoplasia,subject,hpo_present,subject,HP:0001321,Cerebellar hypoplasia,http://purl.obolibrary.org/obo/hp.owl,
HP:0002119,Ventriculomegaly,subject,hpo_present,subject,HP:0002119,Ventriculomegaly,http://purl.obolibrary.org/obo/hp.owl,
HP:0002438,Cerebellar malformation,subject,hpo_present,subject,HP:0002438,Cerebellar malformation,http://purl.obolibrary.org/obo/hp.owl,
HP:0007033,Cerebellar dysplasia,subject,hpo_present,subject,HP:0007033,Cerebellar dysplasia,http://purl.obolibrary.org/obo/hp.owl,
HP:0007068,Inferior vermis hypoplasia,subject,hpo_present,subject,HP:0007068,Inferior vermis hypoplasia,http://purl.obolibrary.org/obo/hp.owl,
HP:0011932,Abnormal superior cerebellar peduncle morphology,subject,hpo_present,subject,HP:0011932,Abnormal superior cerebellar peduncle morphology,http://purl.obolibrary.org/obo/hp.owl,
HP:0012110,Hypoplasia of the pons,subject,hpo_present,subject,HP:0012110,Hypoplasia of the pons,http://purl.obolibrary.org/obo/hp.owl,
HP:0012443,Abnormality of brain morphology,subject,hpo_present,subject,HP:0012443,Abnormality of brain morphology,http://purl.obolibrary.org/obo/hp.owl,
HP:0020185,Superior cerebellar dysplasia,subject,hpo_present,subject,HP:0020185,Superior cerebellar dysplasia,http://purl.obolibrary.org/obo/hp.owl,
HP:0025102,Dysgenesis of the basal ganglia,subject,hpo_present,subject,HP:0025102,Dysgenesis of the basal ganglia,http://purl.obolibrary.org/obo/hp.owl,
HP:0002011,Morphological central nervous system abnormality,subject,hpo_present,subject,HP:0002011,Morphological central nervous system abnormality,http://purl.obolibrary.org/obo/hp.owl,
HP:0002180,Neurodegeneration,subject,hpo_present,subject,HP:0002180,Neurodegeneration,http://purl.obolibrary.org/obo/hp.owl,
HP:0001626,Abnormality of the cardiovascular system,subject,hpo_present,subject,HP:0001626,Abnormality of the cardiovascular system,http://purl.obolibrary.org/obo/hp.owl,
HP:0001627,Abnormal heart morphology,subject,hpo_present,subject,HP:0001627,Abnormal heart morphology,http://purl.obolibrary.org/obo/hp.owl,
HP:0001647,Bicuspid aortic valve,subject,hpo_present,subject,HP:0001647,Bicuspid aortic valve,http://purl.obolibrary.org/obo/hp.owl,
HP:0000002,Abnormality of body height,subject,hpo_present,subject,HP:0000002,Abnormality of body height,http://purl.obolibrary.org/obo/hp.owl,
HP:0000152,Abnormality of head or neck,subject,hpo_present,subject,HP:0000152,Abnormality of head or neck,http://purl.obolibrary.org/obo/hp.owl,
HP:0000153,Abnormality of the mouth,subject,hpo_present,subject,HP:0000153,Abnormality of the mouth,http://purl.obolibrary.org/obo/hp.owl,
HP:0000271,Abnormality of the face,subject,hpo_present,subject,HP:0000271,Abnormality of the face,http://purl.obolibrary.org/obo/hp.owl,
HP:0000478,Abnormality of the eye,subject,hpo_present,subject,HP:0000478,Abnormality of the eye,http://purl.obolibrary.org/obo/hp.owl,
HP:0000528,Anophthalmia,subject,hpo_present,subject,HP:0000528,Anophthalmia,http://purl.obolibrary.org/obo/hp.owl,
HP:0000707,Abnormality of the nervous system,subject,hpo_present,subject,HP:0000707,Abnormality of the nervous system,http://purl.obolibrary.org/obo/hp.owl,
HP:0000775,Abnormality of the diaphragm,subject,hpo_present,subject,HP:0000775,Abnormality of the diaphragm,http://purl.obolibrary.org/obo/hp.owl,
HP:0000776,Congenital diaphragmatic hernia,subject,hpo_present,subject,HP:0000776,Congenital diaphragmatic hernia,http://purl.obolibrary.org/obo/hp.owl,
HP:0000924,Abnormality of the skeletal system,subject,hpo_present,subject,HP:0000924,Abnormality of the skeletal system,http://purl.obolibrary.org/obo/hp.owl,
HP:0000925,Abnormality of the vertebral column,subject,hpo_present,subject,HP:0000925,Abnormality of the vertebral column,http://purl.obolibrary.org/obo/hp.owl,
HP:0000951,Abnormality of the skin,subject,hpo_present,subject,HP:0000951,Abnormality of the skin,http://purl.obolibrary.org/obo/hp.owl,
HP:0000992,Cutaneous photosensitivity,subject,hpo_present,subject,HP:0000992,Cutaneous photosensitivity,http://purl.obolibrary.org/obo/hp.owl,
HP:0001159,Syndactyly,subject,hpo_present,subject,HP:0001159,Syndactyly,http://purl.obolibrary.org/obo/hp.owl,
HP:0001161,Hand polydactyly,subject,hpo_present,subject,HP:0001161,Hand polydactyly,http://purl.obolibrary.org/obo/hp.owl,
HP:0001263,Global developmental delay,subject,hpo_present,subject,HP:0001263,Global developmental delay,http://purl.obolibrary.org/obo/hp.owl,
HP:0001274,Agenesis of corpus callosum,subject,hpo_present,subject,HP:0001274,Agenesis of corpus callosum,http://purl.obolibrary.org/obo/hp.owl,
HP:0001367,Abnormal joint morphology,subject,hpo_present,subject,HP:0001367,Abnormal joint morphology,http://purl.obolibrary.org/obo/hp.owl,
HP:0001382,Joint hypermobility,subject,hpo_present,subject,HP:0001382,Joint hypermobility,http://purl.obolibrary.org/obo/hp.owl,
HP:0001438,Abnormal abdomen morphology,subject,hpo_present,subject,HP:0001438,Abnormal abdomen morphology,http://purl.obolibrary.org/obo/hp.owl,
HP:0001507,Growth abnormality,subject,hpo_present,subject,HP:0001507,Growth abnormality,http://purl.obolibrary.org/obo/hp.owl,
HP:0001574,Abnormality of the integument,subject,hpo_present,subject,HP:0001574,Abnormality of the integument,http://purl.obolibrary.org/obo/hp.owl,
HP:0001595,Abnormal hair morphology,subject,hpo_present,subject,HP:0001595,Abnormal hair morphology,http://purl.obolibrary.org/obo/hp.owl,
HP:0001626,Abnormality of the cardiovascular system,subject,hpo_present,subject,HP:0001626,Abnormality of the cardiovascular system,http://purl.obolibrary.org/obo/hp.owl,
HP:0001627,Abnormal heart morphology,subject,hpo_present,subject,HP:0001627,Abnormal heart morphology,http://purl.obolibrary.org/obo/hp.owl,
HP:0002086,Abnormality of the respiratory system,subject,hpo_present,subject,HP:0002086,Abnormality of the respiratory system,http://purl.obolibrary.org/obo/hp.owl,
HP:0002088,Abnormal lung morphology,subject,hpo_present,subject,HP:0002088,Abnormal lung morphology,http://purl.obolibrary.org/obo/hp.owl,
HP:0002650,Scoliosis,subject,hpo_present,subject,HP:0002650,Scoliosis,http://purl.obolibrary.org/obo/hp.owl,
HP:0002652,Skeletal dysplasia,subject,hpo_present,subject,HP:0002652,Skeletal dysplasia,http://purl.obolibrary.org/obo/hp.owl,
HP:0002795,Abnormal respiratory system physiology,subject,hpo_present,subject,HP:0002795,Abnormal respiratory system physiology,http://purl.obolibrary.org/obo/hp.owl,
HP:0002803,Congenital contracture,subject,hpo_present,subject,HP:0002803,Congenital contracture,http://purl.obolibrary.org/obo/hp.owl,
HP:0003011,Abnormality of the musculature,subject,hpo_present,subject,HP:0003011,Abnormality of the musculature,http://purl.obolibrary.org/obo/hp.owl,
HP:0003202,Skeletal muscle atrophy,subject,hpo_present,subject,HP:0003202,Skeletal muscle atrophy,http://purl.obolibrary.org/obo/hp.owl,
HP:0003330,Abnormal bone structure,subject,hpo_present,subject,HP:0003330,Abnormal bone structure,http://purl.obolibrary.org/obo/hp.owl,
HP:0003549,Abnormality of connective tissue,subject,hpo_present,subject,HP:0003549,Abnormality of connective tissue,http://purl.obolibrary.org/obo/hp.owl,
HP:0003560,Muscular dystrophy,subject,hpo_present,subject,HP:0003560,Muscular dystrophy,http://purl.obolibrary.org/obo/hp.owl,
HP:0004322,Short stature,subject,hpo_present,subject,HP:0004322,Short stature,http://purl.obolibrary.org/obo/hp.owl,
HP:0005684,Distal arthrogryposis,subject,hpo_present,subject,HP:0005684,Distal arthrogryposis,http://purl.obolibrary.org/obo/hp.owl,
HP:0009830,Peripheral neuropathy,subject,hpo_present,subject,HP:0009830,Peripheral neuropathy,http://purl.obolibrary.org/obo/hp.owl,
HP:0010628,Facial palsy,subject,hpo_present,subject,HP:0010628,Facial palsy,http://purl.obolibrary.org/obo/hp.owl,
HP:0010719,Abnormality of hair texture,subject,hpo_present,subject,HP:0010719,Abnormality of hair texture,http://purl.obolibrary.org/obo/hp.owl,
HP:0011024,Abnormality of the gastrointestinal tract,subject,hpo_present,subject,HP:0011024,Abnormality of the gastrointestinal tract,http://purl.obolibrary.org/obo/hp.owl,
HP:0011121,Abnormality of skin morphology,subject,hpo_present,subject,HP:0011121,Abnormality of skin morphology,http://purl.obolibrary.org/obo/hp.owl,
HP:0011297,Abnormal digit morphology,subject,hpo_present,subject,HP:0011297,Abnormal digit morphology,http://purl.obolibrary.org/obo/hp.owl,
HP:0011805,Abnormal skeletal muscle morphology,subject,hpo_present,subject,HP:0011805,Abnormal skeletal muscle morphology,http://purl.obolibrary.org/obo/hp.owl,
HP:0012265,Ciliary dyskinesia,subject,hpo_present,subject,HP:0012265,Ciliary dyskinesia,http://purl.obolibrary.org/obo/hp.owl,
HP:0012372,Abnormal eye morphology,subject,hpo_present,subject,HP:0012372,Abnormal eye morphology,http://purl.obolibrary.org/obo/hp.owl,
HP:0012443,Abnormality of brain morphology,subject,hpo_present,subject,HP:0012443,Abnormality of brain morphology,http://purl.obolibrary.org/obo/hp.owl,
HP:0012639,Abnormal nervous system morphology,subject,hpo_present,subject,HP:0012639,Abnormal nervous system morphology,http://purl.obolibrary.org/obo/hp.owl,
HP:0012759,Neurodevelopmental abnormality,subject,hpo_present,subject,HP:0012759,Neurodevelopmental abnormality,http://purl.obolibrary.org/obo/hp.owl,
HP:0030056,Uncombable hair,subject,hpo_present,subject,HP:0030056,Uncombable hair,http://purl.obolibrary.org/obo/hp.owl,
HP:0033127,Abnormality of the musculoskeletal system,subject,hpo_present,subject,HP:0033127,Abnormality of the musculoskeletal system,http://purl.obolibrary.org/obo/hp.owl,
HP:0040064,Abnormality of limbs,subject,hpo_present,subject,HP:0040064,Abnormality of limbs,http://purl.obolibrary.org/obo/hp.owl,
HP:0000002,Abnormality of body height,subject,hpo_present,subject,HP:0000002,Abnormality of body height,http://purl.obolibrary.org/obo/hp.owl,
HP:0000152,Abnormality of head or neck,subject,hpo_present,subject,HP:0000152,Abnormality of head or neck,http://purl.obolibrary.org/obo/hp.owl,
HP:0000153,Abnormality of the mouth,subject,hpo_present,subject,HP:0000153,Abnormality of the mouth,http://purl.obolibrary.org/obo/hp.owl,
HP:0000164,Abnormality of the dentition,subject,hpo_present,subject,HP:0000164,Abnormality of the dentition,http://purl.obolibrary.org/obo/hp.owl,
HP:0000202,Oral cleft,subject,hpo_present,subject,HP:0000202,Oral cleft,http://purl.obolibrary.org/obo/hp.owl,
HP:0000271,Abnormality of the face,subject,hpo_present,subject,HP:0000271,Abnormality of the face,http://purl.obolibrary.org/obo/hp.owl,
HP:0000478,Abnormality of the eye,subject,hpo_present,subject,HP:0000478,Abnormality of the eye,http://purl.obolibrary.org/obo/hp.owl,
HP:0000501,Glaucoma,subject,hpo_present,subject,HP:0000501,Glaucoma,http://purl.obolibrary.org/obo/hp.owl,
HP:0000707,Abnormality of the nervous system,subject,hpo_present,subject,HP:0000707,Abnormality of the nervous system,http://purl.obolibrary.org/obo/hp.owl,
HP:0000708,Behavioral abnormality,subject,hpo_present,subject,HP:0000708,Behavioral abnormality,http://purl.obolibrary.org/obo/hp.owl,
HP:0000717,Autism,subject,hpo_present,subject,HP:0000717,Autism,http://purl.obolibrary.org/obo/hp.owl,
HP:0000775,Abnormality of the diaphragm,subject,hpo_present,subject,HP:0000775,Abnormality of the diaphragm,http://purl.obolibrary.org/obo/hp.owl,
HP:0000776,Congenital diaphragmatic hernia,subject,hpo_present,subject,HP:0000776,Congenital diaphragmatic hernia,http://purl.obolibrary.org/obo/hp.owl,
HP:0000924,Abnormality of the skeletal system,subject,hpo_present,subject,HP:0000924,Abnormality of the skeletal system,http://purl.obolibrary.org/obo/hp.owl,
HP:0000925,Abnormality of the vertebral column,subject,hpo_present,subject,HP:0000925,Abnormality of the vertebral column,http://purl.obolibrary.org/obo/hp.owl,
HP:0001059,Pterygium,subject,hpo_present,subject,HP:0001059,Pterygium,http://purl.obolibrary.org/obo/hp.owl,
HP:0001249,Intellectual disability,subject,hpo_present,subject,HP:0001249,Intellectual disability,http://purl.obolibrary.org/obo/hp.owl,
HP:0001250,Seizure,subject,hpo_present,subject,HP:0001250,Seizure,http://purl.obolibrary.org/obo/hp.owl,
HP:0001252,Hypotonia,subject,hpo_present,subject,HP:0001252,Hypotonia,http://purl.obolibrary.org/obo/hp.owl,
HP:0001263,Global developmental delay,subject,hpo_present,subject,HP:0001263,Global developmental delay,http://purl.obolibrary.org/obo/hp.owl,
HP:0001274,Agenesis of corpus callosum,subject,hpo_present,subject,HP:0001274,Agenesis of corpus callosum,http://purl.obolibrary.org/obo/hp.owl,
HP:0001324,Muscle weakness,subject,hpo_present,subject,HP:0001324,Muscle weakness,http://purl.obolibrary.org/obo/hp.owl,
HP:0001367,Abnormal joint morphology,subject,hpo_present,subject,HP:0001367,Abnormal joint morphology,http://purl.obolibrary.org/obo/hp.owl,
HP:0001438,Abnormal abdomen morphology,subject,hpo_present,subject,HP:0001438,Abnormal abdomen morphology,http://purl.obolibrary.org/obo/hp.owl,
HP:0001507,Growth abnormality,subject,hpo_present,subject,HP:0001507,Growth abnormality,http://purl.obolibrary.org/obo/hp.owl,
HP:0001574,Abnormality of the integument,subject,hpo_present,subject,HP:0001574,Abnormality of the integument,http://purl.obolibrary.org/obo/hp.owl,
HP:0001595,Abnormal hair morphology,subject,hpo_present,subject,HP:0001595,Abnormal hair morphology,http://purl.obolibrary.org/obo/hp.owl,
HP:0001626,Abnormality of the cardiovascular system,subject,hpo_present,subject,HP:0001626,Abnormality of the cardiovascular system,http://purl.obolibrary.org/obo/hp.owl,
HP:0001679,Abnormal aortic morphology,subject,hpo_present,subject,HP:0001679,Abnormal aortic morphology,http://purl.obolibrary.org/obo/hp.owl,
HP:0001743,Abnormality of the spleen,subject,hpo_present,subject,HP:0001743,Abnormality of the spleen,http://purl.obolibrary.org/obo/hp.owl,
HP:0001760,Abnormal foot morphology,subject,hpo_present,subject,HP:0001760,Abnormal foot morphology,http://purl.obolibrary.org/obo/hp.owl,
HP:0001871,Abnormality of blood and blood-forming tissues,subject,hpo_present,subject,HP:0001871,Abnormality of blood and blood-forming tissues,http://purl.obolibrary.org/obo/hp.owl,
HP:0001881,Abnormal leukocyte morphology,subject,hpo_present,subject,HP:0001881,Abnormal leukocyte morphology,http://purl.obolibrary.org/obo/hp.owl,
HP:0001883,Talipes,subject,hpo_present,subject,HP:0001883,Talipes,http://purl.obolibrary.org/obo/hp.owl,
HP:0001939,Abnormality of metabolism/homeostasis,subject,hpo_present,subject,HP:0001939,Abnormality of metabolism/homeostasis,http://purl.obolibrary.org/obo/hp.owl,
HP:0002086,Abnormality of the respiratory system,subject,hpo_present,subject,HP:0002086,Abnormality of the respiratory system,http://purl.obolibrary.org/obo/hp.owl,
HP:0002088,Abnormal lung morphology,subject,hpo_present,subject,HP:0002088,Abnormal lung morphology,http://purl.obolibrary.org/obo/hp.owl,
HP:0002140,Ischemic stroke,subject,hpo_present,subject,HP:0002140,Ischemic stroke,http://purl.obolibrary.org/obo/hp.owl,
HP:0002308,Arnold-Chiari malformation,subject,hpo_present,subject,HP:0002308,Arnold-Chiari malformation,http://purl.obolibrary.org/obo/hp.owl,
HP:0002564,obsolete Malformation of the heart and great vessels,subject,hpo_present,subject,HP:0002564,obsolete Malformation of the heart and great vessels,http://purl.obolibrary.org/obo/hp.owl,
HP:0002650,Scoliosis,subject,hpo_present,subject,HP:0002650,Scoliosis,http://purl.obolibrary.org/obo/hp.owl,
HP:0002652,Skeletal dysplasia,subject,hpo_present,subject,HP:0002652,Skeletal dysplasia,http://purl.obolibrary.org/obo/hp.owl,
HP:0002664,Neoplasm,subject,hpo_present,subject,HP:0002664,Neoplasm,http://purl.obolibrary.org/obo/hp.owl,
HP:0002715,Abnormality of the immune system,subject,hpo_present,subject,HP:0002715,Abnormality of the immune system,http://purl.obolibrary.org/obo/hp.owl,
HP:0002721,Immunodeficiency,subject,hpo_present,subject,HP:0002721,Immunodeficiency,http://purl.obolibrary.org/obo/hp.owl,
HP:0002803,Congenital contracture,subject,hpo_present,subject,HP:0002803,Congenital contracture,http://purl.obolibrary.org/obo/hp.owl,
HP:0002960,Autoimmunity,subject,hpo_present,subject,HP:0002960,Autoimmunity,http://purl.obolibrary.org/obo/hp.owl,
HP:0003011,Abnormality of the musculature,subject,hpo_present,subject,HP:0003011,Abnormality of the musculature,http://purl.obolibrary.org/obo/hp.owl,
HP:0003549,Abnormality of connective tissue,subject,hpo_present,subject,HP:0003549,Abnormality of connective tissue,http://purl.obolibrary.org/obo/hp.owl,
HP:0003634,Amyoplasia,subject,hpo_present,subject,HP:0003634,Amyoplasia,http://purl.obolibrary.org/obo/hp.owl,
HP:0003808,Abnormal muscle tone,subject,hpo_present,subject,HP:0003808,Abnormal muscle tone,http://purl.obolibrary.org/obo/hp.owl,
HP:0004377,Hematological neoplasm,subject,hpo_present,subject,HP:0004377,Hematological neoplasm,http://purl.obolibrary.org/obo/hp.owl,
HP:0004439,Craniofacial dysostosis,subject,hpo_present,subject,HP:0004439,Craniofacial dysostosis,http://purl.obolibrary.org/obo/hp.owl,
HP:0004944,Dilatation of the cerebral artery,subject,hpo_present,subject,HP:0004944,Dilatation of the cerebral artery,http://purl.obolibrary.org/obo/hp.owl,
HP:0005294,Arterial dissection,subject,hpo_present,subject,HP:0005294,Arterial dissection,http://purl.obolibrary.org/obo/hp.owl,
HP:0005549,obsolete Congenital neutropenia,subject,hpo_present,subject,HP:0005549,obsolete Congenital neutropenia,http://purl.obolibrary.org/obo/hp.owl,
HP:0005684,Distal arthrogryposis,subject,hpo_present,subject,HP:0005684,Distal arthrogryposis,http://purl.obolibrary.org/obo/hp.owl,
HP:0009124,Abnormal adipose tissue morphology,subject,hpo_present,subject,HP:0009124,Abnormal adipose tissue morphology,http://purl.obolibrary.org/obo/hp.owl,
HP:0009125,Lipodystrophy,subject,hpo_present,subject,HP:0009125,Lipodystrophy,http://purl.obolibrary.org/obo/hp.owl,
HP:0011013,Abnormal circulating carbohydrate concentration,subject,hpo_present,subject,HP:0011013,Abnormal circulating carbohydrate concentration,http://purl.obolibrary.org/obo/hp.owl,
HP:0011014,Abnormal glucose homeostasis,subject,hpo_present,subject,HP:0011014,Abnormal glucose homeostasis,http://purl.obolibrary.org/obo/hp.owl,
HP:0011805,Abnormal skeletal muscle morphology,subject,hpo_present,subject,HP:0011805,Abnormal skeletal muscle morphology,http://purl.obolibrary.org/obo/hp.owl,
HP:0011842,Abnormality of skeletal morphology,subject,hpo_present,subject,HP:0011842,Abnormality of skeletal morphology,http://purl.obolibrary.org/obo/hp.owl,
HP:0012337,Abnormal homeostasis,subject,hpo_present,subject,HP:0012337,Abnormal homeostasis,http://purl.obolibrary.org/obo/hp.owl,
HP:0012373,Abnormal eye physiology,subject,hpo_present,subject,HP:0012373,Abnormal eye physiology,http://purl.obolibrary.org/obo/hp.owl,
HP:0012443,Abnormality of brain morphology,subject,hpo_present,subject,HP:0012443,Abnormality of brain morphology,http://purl.obolibrary.org/obo/hp.owl,
HP:0012638,Abnormal nervous system physiology,subject,hpo_present,subject,HP:0012638,Abnormal nervous system physiology,http://purl.obolibrary.org/obo/hp.owl,
HP:0012727,Thoracic aortic aneurysm,subject,hpo_present,subject,HP:0012727,Thoracic aortic aneurysm,http://purl.obolibrary.org/obo/hp.owl,
HP:0012759,Neurodevelopmental abnormality,subject,hpo_present,subject,HP:0012759,Neurodevelopmental abnormality,http://purl.obolibrary.org/obo/hp.owl,
HP:0025015,Abnormal vascular morphology,subject,hpo_present,subject,HP:0025015,Abnormal vascular morphology,http://purl.obolibrary.org/obo/hp.owl,
HP:0030056,Uncombable hair,subject,hpo_present,subject,HP:0030056,Uncombable hair,http://purl.obolibrary.org/obo/hp.owl,
HP:0033127,Abnormality of the musculoskeletal system,subject,hpo_present,subject,HP:0033127,Abnormality of the musculoskeletal system,http://purl.obolibrary.org/obo/hp.owl,
HP:0040064,Abnormality of limbs,subject,hpo_present,subject,HP:0040064,Abnormality of limbs,http://purl.obolibrary.org/obo/hp.owl,
HP:0100006,Neoplasm of the central nervous system,subject,hpo_present,subject,HP:0100006,Neoplasm of the central nervous system,http://purl.obolibrary.org/obo/hp.owl,
HP:0100545,Arterial stenosis,subject,hpo_present,subject,HP:0100545,Arterial stenosis,http://purl.obolibrary.org/obo/hp.owl,
HP:0100659,Abnormal cerebral vascular morphology,subject,hpo_present,subject,HP:0100659,Abnormal cerebral vascular morphology,http://purl.obolibrary.org/obo/hp.owl,
HP:0200134,Epileptic encephalopathy,subject,hpo_present,subject,HP:0200134,Epileptic encephalopathy,http://purl.obolibrary.org/obo/hp.owl,
HP:0410008,Abnormality of the peripheral nervous system,subject,hpo_present,subject,HP:0410008,Abnormality of the peripheral nervous system,http://purl.obolibrary.org/obo/hp.owl,
age_at_last_observation,Age at Last Observation,subject,,subject,,,,,
age_of_onset,Age of Onset,subject,,subject,,,,,
